# time, vmax, integral, width, baseline, dt
0.058316,147.271423,6350.036621,60.772507,1.728571,0.000000
0.076205,122.971428,5778.666992,61.990303,2.028571,0.017889
0.297133,125.885712,6035.396973,62.811279,2.114286,0.220928
0.365814,150.642853,6384.105469,60.530357,2.357143,0.068681
0.417472,144.899994,6159.007324,57.338501,2.100000,0.051658
0.500790,133.285721,6142.510254,62.991661,1.714286,0.083318
0.857580,134.214279,6018.497559,62.572029,2.785714,0.356790
1.178670,153.042862,3435.776367,28.003502,1.957143,0.321090
1.220493,127.428574,5935.233398,62.049988,1.571429,0.041823
1.330391,152.314285,6515.847168,59.988327,1.685714,0.109898
1.357908,152.100006,5755.328125,50.200668,0.900000,0.027517
1.553616,146.600006,3172.384766,27.540001,2.400000,0.195708
1.759876,130.242859,6170.805664,62.875832,1.757143,0.206260
2.032276,120.742859,5713.155273,61.205330,2.257143,0.272400
2.042388,155.114288,3960.608643,32.995239,1.885714,0.010112
2.055714,147.185715,6414.005371,60.341339,1.814286,0.013326
2.073289,153.771423,6485.798828,59.159988,1.228571,0.017575
2.255128,153.657150,6371.874512,58.197334,2.342857,0.181839
2.358610,126.214287,5931.887695,62.068825,1.785714,0.103482
2.368137,152.757141,6338.120605,59.602386,2.242857,0.009527
2.789845,145.385712,3171.470459,29.109161,2.614286,0.421708
2.956046,149.300003,3800.995117,33.503334,2.700000,0.166201
3.153747,145.371429,3034.628418,26.968483,1.628571,0.197701
3.445135,147.699997,6121.180176,57.761658,2.300000,0.291388
3.544101,128.828568,5955.607910,62.304756,2.171429,0.098966
3.644705,151.128571,3947.377197,34.008263,1.871429,0.100604
3.665533,152.171432,3656.079346,32.247330,1.828571,0.020828
3.689755,127.000000,5858.907227,62.238091,2.000000,0.024222
4.298723,149.828568,6282.889160,60.303337,2.171429,0.608968
4.386847,130.285721,6025.701660,62.176620,1.714286,0.088124
4.699999,144.057144,2993.113281,27.007996,1.942857,0.313152
4.791130,151.428574,3336.139404,29.283333,1.571429,0.091131
4.816811,147.014282,3561.932617,32.707840,1.985714,0.025681
4.958409,160.171432,6484.844727,59.622856,1.828571,0.141598
5.151127,139.699997,2761.562988,25.476212,2.300000,0.192718
5.477906,157.800003,3949.519775,33.112045,1.200000,0.326779
5.781863,122.071426,5787.285645,61.167282,1.928571,0.303957
5.819128,145.942856,6228.456543,60.495003,3.057143,0.037265
5.961669,151.871429,6391.623047,60.137863,3.128572,0.142541
6.176672,154.385712,6505.287598,59.605141,1.614286,0.215003
6.502616,151.857147,6415.048340,59.853325,2.142857,0.325944
6.859853,151.657150,3163.561768,27.660004,2.342857,0.357237
6.867170,134.842850,2717.948730,26.133461,1.157143,0.007318
7.049199,148.671432,6283.204102,59.670586,0.328571,0.182029
7.262077,154.257141,6417.616699,60.362007,1.742857,0.212878
7.353163,145.685715,2908.326416,26.584084,2.314286,0.091085
7.371239,152.585709,6370.011719,59.969704,2.414286,0.018076
7.601834,135.285721,6020.751465,61.785896,1.714286,0.230595
7.958325,154.042862,6384.887695,59.221420,1.957143,0.356491
8.003379,122.957146,5836.661621,62.440132,2.042857,0.045053
8.293457,143.171432,3033.536621,27.805000,1.828571,0.290078
8.816263,147.328568,6220.649414,59.985336,1.671429,0.522806
9.042891,106.000000,2092.875488,23.860001,2.000000,0.226627
9.124631,121.714287,5562.031738,59.873337,2.285714,0.081740
9.175760,151.199997,3877.114502,33.280006,1.800000,0.051129
9.227895,122.828568,5779.656738,62.177147,2.171429,0.052135
9.235038,151.642853,6364.159668,58.697395,2.357143,0.007143
9.571223,127.657143,5704.349121,61.385338,2.342857,0.336185
9.969136,146.085709,6412.304199,60.344528,1.914286,0.397913
10.049572,152.528564,6362.522949,59.109169,2.471429,0.080436
10.067147,141.728577,6114.284180,59.419777,2.271429,0.017575
10.423728,150.014282,5729.609375,50.287971,1.985714,0.356581
10.615756,151.199997,6310.707520,59.608566,1.800000,0.192028
10.782988,151.742859,6303.063965,59.979431,2.257143,0.167232
10.890292,147.842850,6372.954590,61.122498,2.157143,0.107305
10.937111,106.428574,4425.148926,51.312500,2.571429,0.046819
11.272491,155.828568,5521.782715,47.664375,2.171429,0.335381
11.315851,150.242859,6363.522949,61.008125,2.757143,0.043360
11.470616,146.800003,6414.395996,60.514290,2.200000,0.154765
11.546923,151.714279,6255.672852,58.346672,2.285714,0.076306
11.754795,156.814285,6236.339355,58.469040,2.185714,0.207872
11.922553,146.742859,6321.927734,60.838097,2.257143,0.167758
11.944109,155.771423,6404.559570,58.210670,2.228571,0.021556
11.950164,135.271423,2690.851074,26.345497,2.728571,0.006055
12.112418,148.857147,6338.915039,59.884850,2.142857,0.162254
12.940557,122.585716,5718.527832,60.462074,2.414286,0.828139
12.969775,164.000000,4442.595703,40.680389,2.000000,0.029218
13.471670,150.914291,5732.370605,50.008331,2.085714,0.501895
13.949203,145.671432,6346.219238,60.274834,2.328571,0.477533
14.167610,153.814285,5675.625000,50.870903,2.185714,0.218407
14.360778,153.871429,3698.044922,31.507004,2.128572,0.193168
14.367850,134.028564,5987.740234,62.136856,0.971429,0.007072
14.483635,150.414291,3033.273438,26.210663,1.585714,0.115785
14.847071,137.942856,6114.856445,61.595612,2.057143,0.363436
14.979204,150.928574,6438.765625,60.033577,2.071429,0.132133
15.330632,150.857147,6376.624023,59.840004,2.142857,0.351428
15.874852,117.228569,5570.824707,62.348328,3.771429,0.544220
16.143238,154.742859,5648.219238,48.796005,2.257143,0.268386
16.180487,147.028564,6358.520996,60.454773,1.971429,0.037249
16.238058,121.671432,2390.603516,24.740753,2.328571,0.057571
16.637568,150.528564,2961.020752,25.476074,2.471429,0.399509
16.713795,146.399994,3217.759766,29.219345,2.600000,0.076227
16.940981,147.600006,3113.416748,27.965820,2.400000,0.227186
16.999453,149.857147,6440.331543,60.641663,1.142857,0.058472
17.055510,143.728577,6096.576172,61.235832,2.271429,0.056057
17.290537,143.728577,6250.011230,61.075668,2.271429,0.235027
17.658293,135.585709,6066.171387,61.760132,2.414286,0.367756
17.689821,148.828568,5429.873047,48.802620,2.171429,0.031528
17.721382,149.528564,6374.626953,60.850006,2.471429,0.031561
17.867973,132.228577,5909.022949,62.324303,1.771429,0.146591
18.009384,143.342850,2945.431885,26.931870,2.657143,0.141411
18.213322,151.457138,6341.547852,59.080391,2.542857,0.203938
18.305702,151.671432,5589.684570,48.893578,2.328571,0.092381
18.330004,143.657150,6328.714844,61.021027,2.342857,0.024302
18.790159,116.057144,5418.615723,62.519112,1.942857,0.460155
19.223728,140.928574,6184.782715,61.079163,2.071429,0.433569
19.269396,138.885712,2978.685059,28.971664,2.114286,0.045668
19.272888,152.814285,6389.315430,59.448997,2.185714,0.003492
19.433741,152.728577,6424.470215,59.975563,2.271429,0.160852
19.554808,130.600006,5903.816895,61.454773,2.400000,0.121067
19.854403,108.957146,1471.442627,15.978752,2.042857,0.299595
19.915016,150.928574,3296.953125,28.800003,2.071429,0.060614
20.263807,129.014282,5883.045410,62.532005,1.985714,0.348791
20.547142,134.014282,5876.405762,60.855072,2.985714,0.283335
20.882322,147.114288,3052.492676,25.976006,1.885714,0.335180
21.262184,154.671432,6422.337891,58.478546,1.328571,0.379862
21.445520,140.800003,2981.710449,27.399277,2.200000,0.183336
21.527767,123.842857,5572.350586,59.965607,2.157143,0.082247
21.587130,122.557144,5784.335938,62.537003,2.442857,0.059362
21.638256,147.685715,3247.062256,28.428337,2.314286,0.051126
21.825499,126.500000,5944.045410,62.345230,1.500000,0.187243
21.895645,144.985718,3316.911133,29.426231,2.014286,0.070147
21.931334,154.414291,3640.670410,29.529991,1.585714,0.035688
22.090864,125.328575,5902.766602,61.934235,1.671429,0.159531
22.534739,155.171432,3769.286133,31.456665,1.828571,0.443874
22.688866,149.685715,6475.258301,60.361671,2.314286,0.154127
22.849604,134.542862,5921.326172,61.034462,2.457143,0.160738
23.127180,120.857140,5742.066895,62.180000,2.142857,0.277576
23.494251,144.042862,6312.260742,61.493668,1.957143,0.367071
23.647861,149.000000,6223.797852,59.028328,2.000000,0.153610
23.738796,154.785721,6460.966797,58.481667,2.214286,0.090935
24.143757,143.885712,6293.639648,60.703995,1.114286,0.404961
24.778795,151.528564,6439.719727,58.903160,2.471429,0.635038
24.991104,136.914291,6162.968750,61.694153,2.085714,0.212309
25.332947,151.714279,4033.987549,34.909096,2.285714,0.341843
25.383648,120.500000,5778.025391,62.005676,2.500000,0.050701
25.394159,144.857147,3832.114258,33.775749,2.142857,0.010511
25.482914,150.971436,6255.412109,59.070000,2.028571,0.088755
25.685631,147.000000,6337.309570,60.219223,2.000000,0.202717
25.907385,146.457138,6294.568848,59.347336,2.542857,0.221754
26.164164,149.514282,3918.905273,32.915009,2.485714,0.256779
26.384396,127.257141,5805.618652,62.259636,1.742857,0.220232
26.777327,145.728577,6293.284668,60.731285,2.271429,0.392931
26.802666,130.842850,5970.619141,62.397499,2.157143,0.025339
26.906954,142.914291,2810.212402,25.679993,2.085714,0.104288
27.070356,132.642853,5968.411133,61.967041,2.357143,0.163403
27.071608,122.914284,5849.197754,62.177338,2.085714,0.001251
27.313759,139.957138,6126.456055,61.224174,2.042857,0.242151
27.343796,151.228577,3550.373535,31.191673,1.771429,0.030037
27.375795,151.814285,6510.684570,60.020874,2.185714,0.032000
27.401241,195.300003,3784.271240,26.113007,1.700000,0.025446
27.767681,145.642853,6348.998047,61.132378,2.357143,0.366440
28.343634,129.442856,6017.378906,62.597610,1.557143,0.575953
28.656385,148.728577,6332.149414,60.621429,2.271429,0.312752
28.862959,129.842850,5984.858887,62.135498,2.157143,0.206573
28.907337,151.528564,3439.391113,30.023338,2.471429,0.044378
28.970009,123.928574,5739.854004,60.130760,2.071429,0.062672
28.975615,151.528564,5542.925781,48.814659,2.471429,0.005606
29.681974,131.585709,5888.993652,61.999695,2.414286,0.706360
29.797892,118.942856,5719.840820,62.385155,2.057143,0.115917
29.967630,120.942856,5762.536133,60.046539,2.057143,0.169739
30.157387,142.657150,3043.735840,27.131668,2.342857,0.189756
30.253609,152.114288,6254.255859,58.876190,1.885714,0.096222
30.306681,151.028564,6393.333496,60.052567,1.971429,0.053072
30.801765,152.471436,6229.356445,58.197617,2.528571,0.495085
30.949030,153.242859,3907.487061,33.256668,2.757143,0.147264
31.073610,156.985718,6329.082031,57.207657,3.014286,0.124580
31.192322,148.514282,6326.075195,59.739998,1.485714,0.118711
31.267881,120.000000,5627.040039,62.711121,2.000000,0.075560
31.280632,121.985718,5617.467285,59.127159,2.014286,0.012751
31.508316,146.971436,3835.876465,33.075157,2.028571,0.227684
31.578819,146.828568,6345.038574,61.224045,2.171429,0.070503
31.841356,150.657150,3597.910400,31.830605,2.342857,0.262537
31.916042,148.542862,6423.307617,60.123138,1.457143,0.074686
32.112511,143.057144,3036.548584,26.546669,1.942857,0.196468
32.931023,153.928574,6434.337891,60.297615,2.071429,0.818512
33.549400,151.057144,3799.338867,32.224998,1.942857,0.618378
33.854614,143.242859,6223.915039,60.493164,1.757143,0.305214
33.986336,152.271423,6371.245605,59.424004,2.728571,0.131721
34.206718,143.057144,6359.576660,61.238770,1.942857,0.220383
34.501663,151.785721,6477.472656,59.566666,2.214286,0.294945
34.595737,147.157150,6158.502930,59.322952,1.842857,0.094074
34.693275,157.057144,5739.002930,50.068336,1.942857,0.097538
34.861946,106.557144,1344.448120,15.807747,2.442857,0.168671
34.976391,152.628571,6427.608887,60.023994,2.371428,0.114445
34.993919,129.785721,5980.017090,61.796799,1.214286,0.017529
35.263081,145.728577,2816.622559,25.330193,2.271429,0.269161
35.388737,152.128571,5605.018066,49.033577,2.871428,0.125656
35.406975,122.442856,5890.405762,62.388359,1.557143,0.018238
35.998226,153.199997,4920.337891,41.832970,1.800000,0.591251
36.099144,132.142853,6058.071777,61.875000,2.857143,0.100918
36.207890,147.742859,6286.530762,60.743332,2.257143,0.108746
36.469349,153.885712,6341.679688,59.027046,2.114286,0.261459
36.954487,152.699997,3882.057129,34.201302,2.300000,0.485138
37.007610,128.585709,5966.850098,62.108643,1.414286,0.053123
37.110794,147.714279,6360.327637,60.333336,2.285714,0.103184
37.312103,154.814285,3372.867920,28.047501,2.185714,0.201309
37.473011,150.728577,6336.328125,59.254944,2.271429,0.160908
37.875546,150.214279,6271.952637,59.041534,1.785714,0.402534
38.267487,151.471436,3296.967285,29.509995,2.528571,0.391941
38.341232,117.242859,5612.814453,61.520996,1.757143,0.073746
38.419804,154.928574,6295.546875,58.270828,2.071429,0.078571
38.510979,146.671432,6343.272461,60.468307,2.328571,0.091175
39.051643,125.957146,5773.622559,62.407425,2.042857,0.540665
39.063164,131.971436,5995.732422,62.066536,2.028571,0.011520
39.152294,147.014282,3282.837646,28.107834,1.985714,0.089130
39.303894,151.199997,6480.519531,60.090660,1.800000,0.151600
39.337734,126.542854,5852.267090,62.283684,2.457143,0.033840
39.487892,144.114288,6356.790039,60.951385,1.885714,0.150158
39.540108,130.600006,6032.773926,61.855003,1.400000,0.052216
39.663872,120.642860,5705.824219,61.894554,2.357143,0.123764
39.665318,152.614288,5699.146973,49.698898,1.385714,0.001446
39.813858,152.457138,6391.085938,58.925331,2.542857,0.148540
39.824390,144.242859,3153.739258,28.536728,1.757143,0.010532
39.884274,129.414291,5785.882324,60.200493,1.585714,0.059883
40.090450,148.685715,6385.195312,60.452003,2.314286,0.206177
40.176411,155.185715,6319.275879,58.913666,2.814286,0.085960
40.287296,153.257141,5785.673340,51.396660,1.742857,0.110886
40.322147,144.685715,6206.934082,59.375893,2.314286,0.034851
40.396851,153.114288,6427.418457,58.981323,1.885714,0.074703
40.509148,151.328568,6503.932129,59.983330,1.671429,0.112297
40.641705,123.571426,5560.648438,60.690918,2.428571,0.132557
40.646980,123.457146,5817.250000,62.344933,1.542857,0.005276
40.671860,150.800003,5558.756348,49.459999,2.200000,0.024879
40.731949,147.485718,5696.261230,51.226662,1.514286,0.060089
40.775162,145.928574,2985.805664,27.226791,2.071429,0.043213
41.566673,140.842850,2742.891602,25.417160,2.157143,0.791512
41.648979,129.857147,2031.248413,17.618179,2.142857,0.082306
42.077568,150.428574,6335.171875,60.236671,2.571429,0.428589
42.344391,124.699997,5787.028320,62.377724,2.300000,0.266823
42.420036,151.000000,3584.672607,29.316666,2.000000,0.075645
42.571728,149.585709,6268.399902,60.132339,2.414286,0.151691
42.888432,153.514282,6354.671875,59.990479,2.485714,0.316704
42.913509,146.585709,6258.633301,61.097626,2.414286,0.025078
42.936455,144.228577,6034.492676,59.507690,1.771429,0.022945
43.041759,153.057144,6389.214355,59.295227,1.942857,0.105305
43.469913,125.528572,5787.340820,62.213165,2.471429,0.428154
43.592632,130.514282,5822.123047,61.532127,2.485714,0.122719
43.608356,153.928574,6255.317871,57.702385,2.071429,0.015724
43.661537,152.899994,5621.273438,49.507507,2.100000,0.053181
44.018791,161.699997,6467.648926,58.517342,2.300000,0.357254
44.279892,148.757141,3148.175537,25.789856,1.242857,0.261101
44.528358,150.242859,6342.607422,59.969048,1.757143,0.248466
44.545265,121.500000,5606.535156,61.357948,2.500000,0.016907
44.625710,119.614288,5662.724121,60.755058,1.385714,0.080444
44.731876,129.514282,5600.614258,59.630997,1.485714,0.106167
45.596485,144.142853,2861.731689,26.221664,2.857143,0.864609
45.863358,143.085709,6212.436035,61.013329,1.914286,0.266872
46.219669,149.628571,3177.213135,28.666428,3.371428,0.356312
47.160866,150.814285,6238.992188,59.940430,2.185714,0.941196
47.333908,152.842850,6354.256348,58.188095,2.157143,0.173042
47.423954,123.300003,5781.319824,62.943481,1.700000,0.090046
47.437542,144.128571,6075.466797,60.302162,2.871428,0.013588
47.497681,148.328568,6304.873535,59.393661,1.671429,0.060139
47.695763,145.871429,2999.689697,27.742043,2.128572,0.198082
47.769527,134.857147,6048.601074,61.266663,2.142857,0.073765
47.847706,145.328568,6306.979492,59.568748,1.671429,0.078178
48.161545,121.814285,5713.663086,62.567497,2.185714,0.313839
48.359882,149.199997,6219.429199,59.171280,1.800000,0.198338
48.584103,151.785721,5453.576660,47.761360,1.214286,0.224220
48.623859,151.285721,6274.870605,59.499992,1.714286,0.039757
48.733887,143.057144,6151.490234,61.129669,1.942857,0.110027
48.739262,145.557144,6133.629395,59.427292,2.442857,0.005375
49.089924,141.171432,2941.564209,27.984001,1.828571,0.350662
49.375996,125.928574,5903.903320,60.787506,2.071429,0.286072
49.439980,151.100006,6365.644043,60.522148,1.900000,0.063984
49.584980,144.942856,6251.025391,60.698326,2.057143,0.145000
49.707180,149.271423,6242.689453,60.980995,1.728571,0.122200
49.924759,150.442856,6351.011719,58.742188,1.557143,0.217579
50.049725,153.428574,6267.445312,58.357140,1.571429,0.124966
50.097294,144.085709,6105.214844,58.848343,1.914286,0.047569
50.118336,146.871429,5452.211426,49.512833,1.128571,0.021042
50.394646,155.771423,6346.338379,59.276009,1.228571,0.276310
50.757366,127.771431,5842.961914,61.924667,2.228571,0.362720
51.297455,125.571426,5998.350098,62.138329,1.428571,0.540089
51.428638,125.285713,5678.876465,62.094551,1.714286,0.131184
51.481377,151.057144,6242.549805,58.945526,1.942857,0.052738
51.821243,147.742859,6163.549316,59.804588,2.257143,0.339867
51.878883,149.699997,6329.205078,60.217674,2.300000,0.057640
51.909756,143.842850,6192.927734,59.911659,2.157143,0.030872
51.979347,129.042862,5809.693359,61.682953,1.957143,0.069592
52.072884,130.985718,6068.114746,61.950127,2.014286,0.093536
52.222130,152.714279,3323.022217,27.572861,2.285714,0.149246
52.446678,151.585709,6394.356934,60.621429,1.414286,0.224548
52.723495,148.800003,6350.530762,59.373329,2.200000,0.276817
52.835281,136.457138,6020.816895,61.879990,2.542857,0.111786
52.991100,150.785721,6252.831543,58.040833,2.214286,0.155819
53.018620,123.585716,5810.483887,62.294159,2.414286,0.027519
53.725105,120.571426,5700.425293,63.266663,2.428571,0.706486
53.872707,150.442856,6234.770508,58.768875,2.557143,0.147602
53.985916,136.371429,6147.453613,62.060776,1.628571,0.113209
54.089134,151.085709,3274.276611,28.091423,1.914286,0.103218
54.154114,122.314285,5429.800781,60.688637,2.685714,0.064980
54.172737,129.985718,5892.742188,62.177048,2.014286,0.018623
54.304115,124.857140,5859.978027,62.661819,2.142857,0.131378
54.351315,160.928574,5614.242188,48.329170,2.071429,0.047199
54.461517,150.285721,6309.027832,60.069046,2.714286,0.110203
54.477768,130.542862,6030.842285,62.801453,2.457143,0.016251
54.696945,147.028564,3757.099854,34.306664,1.971429,0.219177
54.719696,154.942856,6471.313965,59.696388,2.057143,0.022751
55.009552,149.642853,5649.811035,49.991074,2.357143,0.289856
55.030972,150.757141,6408.240234,59.550163,2.242857,0.021420
55.192169,150.842850,6399.720215,60.218864,2.157143,0.161198
55.204056,150.071426,3677.943848,32.262489,1.928571,0.011887
55.599468,153.771423,5594.326172,49.126823,2.228571,0.395412
55.686653,147.557144,3264.005371,29.438339,1.442857,0.087185
55.830956,156.785721,3477.066406,29.041664,2.214286,0.144302
55.918163,150.071426,6404.204590,60.178329,1.928571,0.087208
56.217224,136.399994,6096.443359,62.319336,1.600000,0.299061
56.247414,151.928574,6294.266113,58.360001,2.071429,0.030190
56.265991,150.857147,6406.722656,59.571434,2.142857,0.018578
56.283508,149.671432,6344.656738,59.338669,2.328571,0.017517
56.320171,153.257141,6350.454590,58.185722,1.742857,0.036663
56.381508,143.199997,6238.354004,59.434669,2.800000,0.061337
56.422226,153.399994,3114.674805,26.685707,2.600000,0.040718
56.548237,153.928574,6417.354980,59.495842,2.071429,0.126011
56.701828,150.942856,6344.178711,60.253998,3.057143,0.153591
56.784729,148.585709,6230.708496,59.930946,2.414286,0.082901
56.814171,157.071426,6302.892578,58.011909,1.928571,0.029442
56.820728,154.242859,6403.166504,59.093002,1.757143,0.006557
57.031010,149.971436,6278.966309,58.844330,2.028571,0.210281
57.080399,154.571426,6450.067871,58.556190,2.428571,0.049389
57.144089,155.614288,6476.354004,59.783661,2.385714,0.063690
57.149239,152.285721,6451.272949,60.166664,1.714286,0.005150
57.468075,150.328568,6292.304199,58.981522,1.671429,0.318836
58.038399,142.457138,3135.667969,27.989990,1.542857,0.570324
58.080269,102.771431,1995.079224,23.585426,2.228571,0.041870
58.393608,152.685715,6315.329590,59.538673,2.314286,0.313339
58.472912,151.800003,6447.141602,59.412849,2.200000,0.079304
58.584724,138.757141,6058.637695,60.736801,2.242857,0.111813
58.632053,153.614288,6603.410645,58.923668,1.385714,0.047329
58.700607,151.957138,3738.940186,32.379387,2.042857,0.068554
58.851921,152.100006,6345.063965,59.976334,2.900000,0.151314
58.876266,148.114288,5693.291992,51.055069,1.885714,0.024345
58.900494,150.971436,6296.831055,59.248001,2.028571,0.024227
59.133923,102.485718,1927.014282,22.565491,2.514286,0.233429
59.229080,148.685715,6264.547363,60.194283,2.314286,0.095158
59.254421,124.400002,5929.192383,62.514183,1.600000,0.025341
59.546295,158.742859,6433.917480,57.561325,2.257143,0.291874
59.647728,137.128571,6038.794922,60.856529,2.871428,0.101433
59.869583,137.257141,2773.881348,25.439339,1.742857,0.221855
59.886944,129.857147,6101.782715,62.404999,2.142857,0.017361
59.948559,156.785721,6415.262207,59.133339,2.214286,0.061615
60.214485,151.928574,3330.700928,28.149162,2.071429,0.265926
60.354099,152.942856,3633.895508,29.944847,2.057143,0.139614
60.425068,152.885712,6454.371094,59.804657,2.114286,0.070969
60.548233,149.314285,3401.396240,30.871994,2.685714,0.123165
60.557880,152.228577,6406.929199,60.419998,2.771429,0.009647
60.599354,152.885712,6427.122070,58.991135,2.114286,0.041473
60.650394,147.414291,6415.332520,60.880836,1.585714,0.051041
60.653030,127.699997,5846.266113,62.293823,3.300000,0.002636
60.693050,150.842850,6325.156250,59.071053,2.157143,0.040020
60.876984,151.899994,6441.884766,59.332504,2.100000,0.183933
61.083618,151.385712,5644.921387,48.826195,2.614286,0.206635
61.600449,152.899994,6281.083984,58.232971,2.100000,0.516830
61.613865,147.014282,3264.014648,28.175575,1.985714,0.013416
61.720058,129.000000,5861.363281,60.558571,2.000000,0.106194
61.832111,135.971436,6134.254395,61.784340,2.028571,0.112053
62.334732,153.300003,3636.641113,31.103333,1.700000,0.502621
62.368729,150.557144,6485.749023,60.957672,1.442857,0.033997
62.574776,134.500000,6040.729980,61.986313,2.500000,0.206047
62.691517,153.514282,6405.195312,60.540672,2.485714,0.116741
62.704609,155.342850,6146.478027,55.269997,1.657143,0.013092
62.858391,151.214279,6545.609863,60.379166,1.785714,0.153782
63.017395,152.100006,3254.083496,28.658669,1.900000,0.159004
63.162586,150.971436,6425.801758,59.780830,2.028571,0.145191
63.336452,152.699997,3609.187256,31.370148,2.300000,0.173866
63.784302,155.771423,6189.020020,57.294281,2.228571,0.447849
63.787956,143.771423,2996.813477,27.826660,2.228571,0.003654
63.990982,152.157150,6489.571777,59.619003,1.842857,0.203026
64.313118,153.614288,6477.724609,59.491989,1.385714,0.322136
64.580025,153.042862,5669.945312,50.110420,1.957143,0.266907
64.780174,151.142853,6302.117188,58.479996,1.857143,0.200150
65.187813,154.142853,6363.863770,60.131424,1.857143,0.407639
65.307358,128.157150,5995.722656,61.852432,1.842857,0.119545
65.331894,153.114288,6445.426758,58.981323,1.885714,0.024536
65.868881,150.600006,6405.817383,60.699081,2.400000,0.536987
66.236603,154.014282,4905.455566,41.548424,1.985714,0.367722
66.310631,150.457138,6413.445801,60.077942,2.542857,0.074028
66.787621,148.457138,6408.368652,59.748009,2.542857,0.476990
67.047035,149.600006,5497.397949,48.025444,2.400000,0.259415
67.390884,151.028564,6441.017090,59.676498,1.971429,0.343849
67.459015,152.357147,6235.186523,58.722435,1.642857,0.068130
67.465042,150.885712,3733.849121,32.859001,2.114286,0.006027
67.496246,121.742859,5627.376953,60.181290,2.257143,0.031204
67.623734,144.171432,6427.716309,61.112007,1.828571,0.127487
67.673615,148.185715,3693.973633,32.993332,2.814286,0.049881
67.806198,134.899994,6014.927246,59.334465,2.100000,0.132584
67.813454,135.500000,6111.354004,61.416664,1.500000,0.007256
67.844360,153.614288,6244.224609,58.407997,2.385714,0.030907
68.280693,152.485718,6407.584473,59.295235,2.514286,0.436333
68.585175,148.842850,6267.822754,59.537170,2.157143,0.304482
68.932449,137.814285,6070.419922,61.421425,2.185714,0.347275
69.010002,176.585709,5565.500000,44.875671,2.414286,0.077553
69.158905,139.257141,6127.273926,59.764839,1.742857,0.148903
69.470581,135.114288,6076.905762,62.376007,1.885714,0.311676
69.672485,161.914291,6290.562988,53.663704,2.085714,0.201904
69.697105,125.785713,5843.476562,62.142151,2.214286,0.024620
69.700890,123.400002,5783.972656,61.703941,1.600000,0.003784
69.751167,131.871429,6191.610840,62.754997,2.128572,0.050278
69.865730,143.171432,3155.262939,28.479004,2.828571,0.114563
69.880768,163.100006,6465.416016,58.130852,1.900000,0.015038
69.903854,149.157150,6194.917480,56.019226,1.842857,0.023087
70.038704,149.785721,3461.775146,30.490829,2.214286,0.134850
70.119087,126.800003,5915.770996,62.635155,2.200000,0.080383
70.211784,152.171432,6352.161133,58.052383,1.828571,0.092697
70.343231,140.014282,2821.614746,26.819496,1.985714,0.131447
70.346611,151.671432,3693.018311,32.903282,2.328571,0.003380
70.418396,157.199997,6438.464844,58.580002,2.800000,0.071785
70.485275,131.100006,6177.579590,62.934830,1.900000,0.066879
70.556213,149.357147,6358.578125,60.395004,2.642857,0.070938
70.735886,156.057144,5793.802734,49.893333,1.942857,0.179672
70.762611,134.600006,6042.060547,61.392136,2.400000,0.026726
70.808800,156.128571,6324.466797,58.307137,2.871428,0.046188
70.991325,150.785721,5826.956543,52.886307,2.214286,0.182526
71.125633,130.199997,6000.748047,61.436432,1.800000,0.134308
71.129951,151.100006,3893.740967,33.823997,1.900000,0.004318
71.304482,148.728577,3022.645996,26.830467,2.271429,0.174530
71.544556,152.785721,6364.600098,58.941895,2.214286,0.240074
71.659683,150.742859,6440.592285,59.888000,2.257143,0.115128
72.081779,149.271423,3881.552246,34.163330,2.728571,0.422096
72.305298,152.671432,5669.702637,49.482506,2.328571,0.223518
72.409492,152.471436,6596.839355,60.769043,1.528571,0.104195
72.640808,147.928574,6349.693848,60.392860,2.071429,0.231316
72.742516,151.014282,6397.388184,59.965668,1.985714,0.101707
72.862862,151.142853,6371.960938,60.353333,1.857143,0.120346
73.169548,155.057144,5194.448730,43.919762,1.942857,0.306686
73.460274,150.228577,3642.188965,32.578659,1.771429,0.290726
73.736115,142.971436,6338.212891,59.269989,2.028571,0.275841
73.738174,122.428574,5634.387207,60.839996,1.571429,0.002060
73.999878,153.585709,6428.310059,59.981285,2.414286,0.261703
74.154884,158.671432,5605.643066,49.216331,1.328571,0.155006
74.161797,154.557144,6448.512207,59.420761,1.442857,0.006912
74.370483,150.542862,6366.354492,59.685707,2.457143,0.208687
74.377388,146.842850,3259.968994,28.662498,2.157143,0.006905
74.422409,150.071426,6394.404297,60.666069,1.928571,0.045021
74.560829,156.614288,5672.916992,49.888092,2.385714,0.138420
75.236710,150.428574,3215.292969,28.349998,2.571429,0.675880
75.634117,121.000000,5682.020020,62.418175,2.000000,0.397408
75.691956,127.800003,5868.125977,61.887497,2.200000,0.057838
75.739700,129.100006,6008.931152,61.348618,1.900000,0.047745
75.822479,142.214279,3223.641846,28.805832,1.785714,0.082779
75.946266,153.185715,4005.755127,34.171272,1.814286,0.123787
75.965698,138.014282,6126.316895,62.199692,1.985714,0.019432
75.970879,145.242859,6361.056152,59.568222,1.757143,0.005180
75.975449,148.471436,6068.102051,58.150330,1.528571,0.004570
76.001755,146.100006,6347.348633,61.259392,1.900000,0.026306
76.243011,149.842850,6220.919922,59.050117,2.157143,0.241257
76.935509,151.271423,6420.650879,60.586472,2.728571,0.692497
77.318054,146.257141,3049.179688,26.983269,1.742857,0.382545
77.408257,147.671432,6292.652344,60.502457,2.328571,0.090202
77.424515,133.671432,6133.121094,61.911499,2.328571,0.016258
77.832359,151.928574,6350.997559,60.026672,3.071429,0.407845
78.668129,154.300003,5676.667480,50.216423,2.700000,0.835770
79.125893,138.357147,6150.272461,61.582420,1.642857,0.457764
79.129974,143.228577,6280.966797,61.753334,1.771429,0.004082
79.171890,137.057144,6089.132812,61.591217,1.942857,0.041916
79.269890,129.185715,5940.016113,61.965233,1.814286,0.098000
79.464607,146.757141,6280.266602,60.656830,2.242857,0.194717
79.535378,148.057144,3081.324219,27.326660,1.942857,0.070770
79.813927,142.514282,5894.729980,58.940002,2.485714,0.278549
80.258057,134.228577,6144.610840,61.682564,1.771429,0.444130
80.297272,150.628571,6363.770996,59.533333,2.371428,0.039215
80.312454,153.257141,6314.493652,58.661438,1.742857,0.015182
80.368477,153.385712,5570.851074,48.509888,1.614286,0.056023
80.543076,147.528564,6346.762207,59.599854,2.471429,0.174599
80.576920,117.614288,5577.777832,60.499008,1.385714,0.033844
80.793175,152.442856,5699.782227,50.490654,1.557143,0.216255
81.354736,141.757141,2930.532959,27.043213,2.242857,0.561562
81.723183,146.385712,6268.579590,59.960442,2.614286,0.368446
82.313667,128.285721,5789.184082,61.783325,1.714286,0.590485
82.399521,126.657143,5776.965820,62.006927,2.342857,0.085854
82.834396,149.857147,3625.954834,31.403069,2.142857,0.434875
82.922142,148.042862,6232.949219,61.145164,1.957143,0.087746
83.020584,148.542862,3101.020508,27.422134,2.457143,0.098442
83.112679,151.657150,6285.333008,59.229996,2.342857,0.092094
83.176956,137.485718,2836.547119,26.740906,1.514286,0.064278
83.370674,150.699997,6380.586426,59.529610,2.300000,0.193718
83.392105,136.671432,6178.763184,62.139648,2.328571,0.021431
83.720634,120.685715,5504.229492,59.696632,2.314286,0.328529
83.743462,148.614288,6349.430176,60.606995,1.385714,0.022827
83.779465,157.271423,6408.806641,60.281570,1.728571,0.036003
84.021446,147.057144,3034.034180,27.333023,1.942857,0.241982
84.249771,134.214279,6018.138672,61.577568,1.785714,0.228325
84.611267,145.728577,6199.702148,59.136169,2.271429,0.361496
84.711563,143.028564,6167.277832,60.894669,2.971429,0.100296
84.762726,146.542862,6333.874023,59.884872,1.457143,0.051163
84.840546,121.728569,5797.376953,63.038933,2.271429,0.077820
84.976891,129.257141,5818.996582,61.909996,2.742857,0.136345
84.995010,146.228577,3571.302979,31.918663,1.771429,0.018120
85.019997,146.899994,6338.777344,60.707497,2.100000,0.024986
85.032272,130.428574,5972.537109,62.406143,1.571429,0.012276
85.211983,149.371429,3789.540771,33.155075,1.628571,0.179710
85.614914,150.800003,3367.203857,29.702339,2.200000,0.402931
85.722275,152.571426,6397.001953,60.286667,2.428571,0.107361
85.762543,146.771423,6277.536133,60.209663,2.228571,0.040268
86.074539,147.685715,3921.360596,34.658325,2.314286,0.311996
86.173988,150.914291,6403.223145,59.104004,1.085714,0.099449
86.323395,122.242859,5775.431641,62.343781,1.757143,0.149406
86.324913,118.257141,5673.668945,62.676674,2.742857,0.001518
86.468323,149.757141,3617.429688,30.718491,2.242857,0.143410
86.799759,145.471436,3008.889648,27.540833,2.528571,0.331436
87.426994,129.928574,5996.977051,61.702492,2.071429,0.627235
87.495117,121.042854,5788.829102,61.682503,1.957143,0.068123
87.538406,149.885712,3174.117432,27.646667,2.114286,0.043289
87.607643,161.742859,6032.335938,53.689995,2.257143,0.069237
87.707237,148.399994,6334.246582,60.636673,1.600000,0.099594
87.708519,127.485718,5934.144531,61.913330,1.514286,0.001282
88.136772,127.014282,5898.080566,62.421234,1.985714,0.428253
88.284454,149.971436,5729.936523,51.078339,2.028571,0.147682
88.315010,145.157150,3061.266846,26.724083,2.842857,0.030556
88.401863,126.957146,5753.352539,62.845299,2.042857,0.086853
88.660393,130.985718,5957.884277,62.164368,2.014286,0.258530
88.710587,140.985718,2994.580322,27.375694,3.014286,0.050194
88.935951,121.500000,2353.588623,24.680000,2.500000,0.225365
88.937592,127.857140,2536.059326,25.258339,2.142857,0.001640
89.133812,147.171432,6348.332031,60.586815,1.828571,0.196220
89.158531,127.871429,5812.097168,60.586670,2.128572,0.024719
89.281113,126.685715,5889.898926,62.336670,2.314286,0.122581
89.771179,152.628571,6411.852539,59.729340,2.371428,0.490067
89.981209,124.142860,5902.280273,62.300003,1.857143,0.210030
90.276848,151.914291,6347.130371,58.985710,2.085714,0.295639
90.506027,148.642853,6290.628906,60.025635,2.357143,0.229179
90.515984,151.542862,5076.629395,43.343369,1.457143,0.009956
90.633354,135.342850,6020.701172,61.690102,1.657143,0.117371
90.752441,153.300003,6328.902344,58.835709,1.700000,0.119087
90.792358,155.142853,3497.860840,29.983330,1.857143,0.039917
91.000282,122.171425,5910.355469,63.496735,1.828571,0.207924
91.036926,154.042862,5539.184570,48.535004,1.957143,0.036644
91.153976,131.271423,5887.317871,61.698929,1.728571,0.117050
91.289642,124.842857,5719.146973,60.129997,1.157143,0.135666
91.456764,138.014282,2971.136230,27.717728,1.985714,0.167122
91.710617,110.285713,3266.637695,36.611115,1.714286,0.253853
91.726204,150.528564,6262.287109,58.456665,2.471429,0.015587
91.746452,149.471436,3705.081299,31.528313,1.528571,0.020248
91.774139,144.985718,6273.295898,59.766464,2.014286,0.027687
91.857590,116.800003,5493.591309,60.271515,2.200000,0.083450
92.149277,153.685715,5729.278809,49.238335,1.314286,0.291687
92.199982,147.585709,6296.615723,60.412720,2.414286,0.050705
92.400436,124.199997,5553.044922,59.818909,1.800000,0.200455
92.988731,138.500000,2833.172119,26.820824,2.500000,0.588295
93.257973,143.828568,6050.144043,59.435165,2.171429,0.269241
93.447449,146.514282,3130.243164,29.390007,2.485714,0.189476
93.529404,141.842850,6112.938965,61.264923,2.157143,0.081955
94.141548,121.671432,5809.837402,62.625839,2.328571,0.612144
94.168175,145.699997,3397.523682,30.530495,2.300000,0.026627
94.368301,149.628571,5747.380371,50.744415,2.371428,0.200127
94.393074,153.600006,6345.027344,58.611427,2.400000,0.024773
94.582016,151.242859,5686.487793,50.567009,1.757143,0.188942
94.753540,150.385712,3514.358643,29.195831,1.614286,0.171524
95.015572,147.871429,3284.013184,29.044167,2.128572,0.262032
95.320984,146.514282,3220.257080,29.139992,2.485714,0.305412
95.615082,152.142853,6270.736328,59.391670,1.857143,0.294098
95.715797,151.714279,6351.920410,60.316673,2.285714,0.100716
95.834717,147.242859,6246.542969,59.004234,1.757143,0.118919
95.862740,151.328568,6399.292480,59.840469,1.671429,0.028023
95.937325,126.442856,5839.283203,61.964699,2.557143,0.074585
95.984642,131.671432,5928.826660,62.185539,2.328571,0.047318
96.001297,153.714279,5624.576172,49.707153,2.285714,0.016655
96.140266,151.557144,6305.143555,59.487671,2.442857,0.138969
96.535042,154.100006,5601.660645,50.224739,1.900000,0.394775
96.786888,129.742859,5952.427246,62.392059,2.257143,0.251846
97.103104,149.828568,6418.781250,60.203423,2.171429,0.316216
97.259583,152.600006,6318.830566,60.195244,2.400000,0.156479
97.690895,143.571426,3016.946289,27.482147,2.428571,0.431313
97.891167,137.471436,6219.232422,62.017578,1.528571,0.200272
98.032364,136.628571,6031.666504,61.115692,1.371429,0.141197
98.801514,153.100006,6431.158203,59.711998,1.900000,0.769150
99.017845,139.014282,6053.429199,61.410835,1.985714,0.216331
99.304138,150.257141,6367.862793,59.710518,1.742857,0.286293
99.462196,126.628571,5753.945801,60.846657,2.371428,0.158058
99.672813,120.242859,5777.855469,63.089241,1.757143,0.210617
99.937386,151.828568,6371.467773,60.665337,2.171429,0.264572
100.024185,149.628571,6362.142578,60.659660,2.371428,0.086800
100.081200,149.828568,3752.185059,32.616669,2.171429,0.057014
100.312378,148.399994,6278.064453,60.367439,2.600000,0.231178
101.134232,148.785721,6319.994629,61.125832,2.214286,0.821854
101.297173,143.600006,3154.668701,28.620918,2.400000,0.162941
101.389328,141.642853,6179.869629,61.664742,2.357143,0.092155
101.482178,153.500000,3790.801270,32.233337,1.500000,0.092850
101.524704,140.600006,2998.826904,26.418999,2.400000,0.042526
101.590767,151.814285,5627.108398,50.400826,2.185714,0.066063
102.012390,136.014282,6171.143555,62.228424,1.985714,0.421623
102.067108,124.742859,5949.500000,62.633240,2.257143,0.054718
102.094986,131.471436,6037.147949,62.179573,1.528571,0.027878
102.327065,156.742859,5690.521973,49.225708,2.257143,0.232079
102.666878,151.728577,6418.138184,60.634476,2.271429,0.339813
102.752632,149.457138,6183.505859,61.232002,2.542857,0.085754
102.778618,145.971436,3030.322266,27.250992,2.028571,0.025986
102.826012,154.342850,6337.784180,59.309334,1.657143,0.047394
103.138191,152.885712,6322.655273,58.504669,2.114286,0.312180
103.265984,150.971436,5611.971680,50.296669,2.028571,0.127792
103.513611,153.342850,5624.860352,49.938103,2.657143,0.247627
103.539276,131.600006,5992.669434,63.002457,1.400000,0.025665
103.745834,157.985718,3662.243164,30.074425,2.014286,0.206558
103.777122,145.928574,6256.812988,60.306656,2.071429,0.031288
103.855606,153.385712,6464.354492,59.333717,1.614286,0.078484
104.430580,144.328568,6015.607910,57.843338,2.671429,0.574974
104.443161,187.957138,6074.884766,51.032043,2.042857,0.012581
104.533394,148.728577,3489.467285,30.481163,2.271429,0.090233
104.630836,157.171432,6469.328125,58.737991,1.828571,0.097443
104.684769,152.414291,6323.243652,59.191078,1.585714,0.053932
104.762810,151.342850,3231.769775,25.239006,1.657143,0.078041
104.970451,116.371429,2225.028564,24.937996,2.628572,0.207642
105.053612,148.585709,6412.501465,59.859856,2.414286,0.083160
105.223946,150.614288,3196.098145,27.697609,2.385714,0.170334
105.540993,146.371429,6264.833984,59.188965,2.628572,0.317047
105.635338,154.285721,3636.763672,30.850006,1.714286,0.094345
105.748238,130.714279,6008.512695,61.745453,2.285714,0.112900
106.134979,142.957138,6203.871582,61.824753,2.042857,0.386742
106.232521,143.842850,2913.773438,26.445503,2.157143,0.097542
106.339638,165.771423,6218.837402,56.824997,2.228571,0.107117
106.381760,151.842850,5638.231445,49.741364,2.157143,0.042122
106.748405,151.542862,6249.665039,58.614281,2.457143,0.366646
106.880058,151.057144,6429.410156,59.639328,1.942857,0.131653
106.973839,141.857147,3015.416504,27.698479,2.142857,0.093781
107.036705,129.785721,5828.188965,62.204613,2.214286,0.062866
107.073769,145.199997,6288.636230,61.177238,1.800000,0.037064
107.212608,137.014282,2520.856201,23.128922,1.985714,0.138840
107.361015,151.814285,6324.574707,58.829659,1.185714,0.148407
107.508995,147.485718,6309.363770,60.212303,2.514286,0.147980
107.576714,122.871429,5519.795898,60.102997,2.128572,0.067719
107.961678,154.000000,3747.577393,31.045448,2.000000,0.384964
108.047882,141.557144,6123.896973,60.763390,2.442857,0.086205
108.256836,127.971428,6179.591797,63.061661,2.028571,0.208954
108.549034,147.157150,6332.966797,60.674149,1.842857,0.292198
109.063370,155.542862,6497.193848,59.778923,2.457143,0.514336
109.124931,128.214279,5777.575195,62.083336,2.785714,0.061562
109.198845,142.899994,6255.852539,59.315994,2.100000,0.073914
109.383713,135.300003,6135.083496,61.116737,1.700000,0.184868
109.717201,123.757141,5830.049316,62.609810,1.242857,0.333488
109.792839,146.028564,2963.092773,26.489990,1.971429,0.075638
109.853134,155.171432,3982.538330,32.775665,1.828571,0.060295
110.113014,148.185715,5745.787598,50.765839,1.814286,0.259880
110.131134,146.957138,6282.991211,59.115616,2.042857,0.018120
110.220306,150.257141,6395.917969,60.126762,1.742857,0.089172
110.310760,155.285721,6482.525879,58.896667,1.714286,0.090454
110.323959,146.257141,3109.201172,28.443703,1.742857,0.013199
110.448395,139.542862,6147.328613,61.960518,2.457143,0.124435
110.449554,149.142853,6399.530273,60.959999,1.857143,0.001160
111.093155,134.757141,6036.935059,61.964996,2.242857,0.643600
111.267151,147.085709,6387.808105,60.389328,1.914286,0.173996
111.468994,149.085709,3259.523926,28.344109,1.914286,0.201843
112.120743,152.314285,6485.537598,60.271263,1.685714,0.651749
112.162521,123.471428,5752.270508,61.579636,2.528571,0.041779
112.658844,149.442856,6432.150391,60.573814,1.557143,0.496323
112.815742,150.399994,6402.741211,59.995605,2.600000,0.156898
113.066277,146.428574,6394.356445,60.219688,2.571429,0.250534
113.268333,144.871429,3074.605225,27.845573,2.128572,0.202057
113.658150,140.171432,6213.205078,60.593330,1.828571,0.389816
114.202713,128.557144,5912.282715,61.869812,1.442857,0.544563
114.436981,154.614288,3874.624268,32.357819,1.385714,0.234268
114.647491,156.028564,6461.210449,59.125336,1.971429,0.210510
114.964996,150.585709,6127.361816,57.799507,1.414286,0.317505
115.285019,149.399994,3616.748535,31.950546,2.600000,0.320023
115.500175,119.571426,5632.593262,62.185455,2.428571,0.215157
115.890549,156.899994,3161.310303,26.316666,2.100000,0.390373
115.983681,153.214279,6391.930664,58.983978,1.785714,0.093132
116.217010,153.614288,6453.444824,59.874672,2.385714,0.233330
116.534058,135.242859,5978.545898,59.417511,1.757143,0.317047
116.870499,128.342850,5847.875488,61.342857,2.657143,0.336441
117.190987,154.985718,6321.492676,57.997337,2.014286,0.320488
117.226509,144.928574,6282.230957,60.942940,2.071429,0.035522
117.295586,152.628571,6428.923828,60.362663,2.371428,0.069077
117.690079,147.157150,3238.723145,28.286163,1.842857,0.394493
118.277748,125.671432,5745.935059,62.467041,2.328571,0.587669
118.397835,148.628571,6406.712402,59.942665,2.371428,0.120087
118.634056,145.228577,6342.506836,60.494095,1.771429,0.236221
118.694992,152.428574,5001.848633,41.261894,1.571429,0.060936
118.699059,145.185715,6408.532715,60.174469,1.814286,0.004066
118.847824,152.614288,6400.418457,59.811005,2.385714,0.148766
119.011024,156.314285,6448.530273,59.790482,1.685714,0.163200
119.627579,128.114288,6000.904785,62.557533,1.885714,0.616554
119.707993,150.414291,6434.044434,60.211670,1.585714,0.080414
120.533707,146.885712,6300.836426,60.365669,2.114286,0.825714
120.572273,155.042862,3647.402344,31.472427,1.957143,0.038567
120.613113,153.557144,6407.647461,59.081001,2.442857,0.040840
120.705688,150.428574,3854.890625,33.424995,2.571429,0.092575
120.728180,144.800003,6322.796875,61.006660,2.200000,0.022491
120.970436,146.899994,6277.176758,60.302505,2.100000,0.242256
121.132225,151.571426,3392.016846,29.955719,2.428571,0.161789
121.216148,154.600006,6488.130859,60.017166,2.400000,0.083923
121.218933,152.585709,5791.623047,51.387856,1.414286,0.002785
121.448616,134.957138,6105.200684,61.868622,2.042857,0.229683
121.734810,122.085716,5637.004395,60.111366,1.914286,0.286194
121.827644,150.828568,6242.647949,59.288010,3.171429,0.092834
122.333870,150.571426,6367.392090,60.618462,1.428571,0.506226
122.500618,128.042862,6045.715332,62.858589,1.957143,0.166748
122.867516,150.014282,3590.271729,30.844322,1.985714,0.366898
123.322639,150.300003,6342.069336,59.915672,2.700000,0.455124
123.326843,142.514282,2907.101318,27.856667,2.485714,0.004204
123.422264,122.571426,5695.158203,61.412811,2.428571,0.095421
123.529053,130.642853,6077.348633,62.589882,2.357143,0.106789
124.094994,153.171432,3626.265381,30.989990,1.828571,0.565941
124.269165,151.157150,6411.740723,59.672531,1.842857,0.174171
124.430901,150.428574,6466.544922,59.906410,1.571429,0.161736
124.508179,133.371429,6200.185059,62.433846,1.628571,0.077278
124.841644,152.942856,6367.060547,59.299995,2.057143,0.333466
124.938042,133.842850,5976.450195,61.616798,2.157143,0.096397
125.014267,125.099998,6013.835938,62.680923,1.900000,0.076225
125.077156,152.199997,6488.273438,60.131538,1.800000,0.062889
125.097664,156.942856,3701.473389,31.147705,2.057143,0.020508
125.193153,147.357147,6360.835449,60.575829,1.642857,0.095490
125.210861,151.042862,3297.774658,29.055283,1.957143,0.017708
126.038261,127.128571,5837.259766,62.597221,1.871429,0.827400
126.351089,148.457138,6370.308105,59.890778,2.542857,0.312828
126.377228,146.699997,3204.939453,28.896667,2.300000,0.026138
126.699059,153.628571,6422.314453,58.646484,2.371428,0.321831
126.754951,131.328568,6063.505371,61.841919,1.671429,0.055893
126.814400,134.957138,6026.107422,60.942108,2.042857,0.059448
127.201515,147.285721,2999.888184,27.465149,2.714286,0.387115
127.572990,130.699997,5983.052246,62.455498,2.300000,0.371475
127.639824,150.171432,5608.728027,49.781303,1.828571,0.066833
127.739372,148.457138,6183.761719,58.731689,2.542857,0.099548
127.951019,153.128571,5617.473633,49.806519,1.871429,0.211647
128.044800,130.642853,5890.590332,62.440483,2.357143,0.093781
128.056686,128.157150,5853.514648,61.811996,2.842857,0.011887
128.124176,154.899994,6378.273438,59.020714,2.100000,0.067490
128.485229,131.571426,5928.068848,61.880951,1.428571,0.361053
128.627518,138.171432,6076.411621,61.552567,1.828571,0.142288
128.940567,154.071426,5256.678223,45.049408,1.928571,0.313049
128.952438,146.600006,6326.511719,60.321671,2.400000,0.011871
129.079575,148.671432,6370.694824,60.684166,2.328571,0.127136
129.136902,148.114288,3033.896729,26.609337,1.885714,0.057327
129.532028,127.157143,5757.805176,61.521812,2.842857,0.395126
129.797867,153.271423,6508.535645,59.664284,1.728571,0.265839
129.821777,153.271423,5593.687012,49.250130,2.728571,0.023911
130.091888,132.842850,6082.613770,61.489540,2.157143,0.270111
130.176453,149.342850,6236.033203,59.544006,2.657143,0.084564
130.376602,130.185715,6001.824707,62.078568,1.814286,0.200150
130.522354,115.285713,4504.179688,51.525002,2.714286,0.145752
130.990219,125.400002,5678.774414,61.434006,2.600000,0.467865
131.170990,144.057144,3048.348877,27.159241,1.942857,0.180771
131.310715,129.600006,5968.531250,62.414772,2.400000,0.139725
131.508484,152.885712,3049.192383,24.337219,2.114286,0.197769
131.545273,152.028564,6479.043457,59.664673,1.971429,0.036789
131.562927,153.600006,3627.894043,30.430664,2.400000,0.017654
131.968857,148.628571,6236.617676,59.109337,2.371428,0.405930
132.197769,145.071426,3083.635254,27.522499,1.928571,0.228912
132.414383,148.300003,6263.313965,60.300125,2.700000,0.216614
132.504715,150.542862,5314.399414,46.010002,2.457143,0.090332
132.559357,147.657150,6412.102051,60.026291,1.342857,0.054642
132.835495,151.114288,6447.275879,59.549385,1.885714,0.276138
132.851807,148.085709,6475.644043,60.784294,1.914286,0.016312
132.942841,144.899994,2947.098633,27.274170,2.100000,0.091034
132.986633,152.671432,6434.004883,59.903000,2.328571,0.043793
132.990387,153.542862,6393.630371,59.824387,2.457143,0.003754
133.007858,148.371429,6296.081055,60.496010,2.628572,0.017471
133.051453,152.600006,5550.969238,49.954994,1.400000,0.043594
133.253326,144.357147,6287.143555,61.242950,1.642857,0.201874
133.438690,127.714287,6099.062500,62.058975,2.285714,0.185364
133.562042,149.957138,6407.002930,60.790840,2.042857,0.123352
134.107269,122.128571,5866.510742,62.997093,1.871429,0.545227
134.352585,152.771423,5496.166504,48.327950,2.228571,0.245316
134.561874,130.142853,5887.492676,62.629089,1.857143,0.209290
134.817535,154.328568,6352.888184,59.540337,2.671429,0.255661
135.017151,151.028564,6433.055664,60.585648,1.971429,0.199615
135.253494,135.342850,5255.673828,53.193001,2.657143,0.236343
135.402832,151.857147,3215.158691,29.001511,2.142857,0.149338
135.540146,142.671432,3089.083008,28.425537,2.328571,0.137314
135.614929,148.642853,5657.412598,50.845833,2.357143,0.074783
135.708435,143.728577,3031.378906,26.819168,2.271429,0.093506
135.862259,120.628571,5680.859863,62.249695,2.371428,0.153824
136.021622,147.871429,6194.759766,58.944496,2.128572,0.159363
136.279770,152.514282,3434.856445,29.512009,2.485714,0.258148
136.396576,149.414291,3681.805176,33.050499,2.585714,0.116806
136.467300,147.142853,3250.675781,28.564095,1.857143,0.070724
136.689529,151.785721,6297.629395,60.158325,2.214286,0.222229
137.071747,150.242859,3584.749756,31.751007,2.757143,0.382217
137.252045,147.100006,6424.130371,60.492851,1.900000,0.180298
137.279236,138.085709,6058.507812,60.415001,1.914286,0.027191
137.720886,156.100006,3974.606445,34.193932,1.900000,0.441650
137.748535,156.171432,5740.815918,50.528572,1.828571,0.027649
137.886185,124.885712,5837.593750,62.768997,2.114286,0.137650
138.006638,136.585709,6057.385254,60.007111,2.414286,0.120453
138.075043,159.157150,6450.795410,57.842667,1.842857,0.068405
138.098114,151.185715,5600.809570,49.601830,1.814286,0.023071
138.179001,128.914291,5897.958008,61.559990,2.085714,0.080887
138.252884,128.028564,5947.526367,62.205154,1.971429,0.073883
138.405075,151.585709,3260.790527,27.522903,1.414286,0.152191
138.859924,150.557144,3789.933105,33.681664,2.442857,0.454849
139.043610,153.171432,3590.900146,31.284668,2.828571,0.183685
139.339859,153.928574,5697.729004,49.940468,2.071429,0.296249
139.646393,128.300003,5789.598145,61.702492,1.700000,0.306534
139.914612,153.000000,6416.359375,60.556671,2.000000,0.268219
139.926712,157.114288,6352.145020,59.127998,1.885714,0.012100
140.099854,155.214279,5697.723145,50.162498,1.785714,0.173141
140.379715,121.885712,5803.722656,62.580009,2.114286,0.279861
140.645279,151.257141,6392.195312,60.034874,1.742857,0.265564
140.736496,154.857147,3426.965820,29.021431,2.142857,0.091217
140.743195,146.328568,6261.602051,59.668846,2.671429,0.006699
141.107895,143.328568,2847.267578,25.710175,1.671429,0.364700
141.179214,142.285721,6012.227051,59.646156,2.714286,0.071320
141.196899,156.242859,6428.101562,59.832001,1.757143,0.017685
141.234329,128.085709,5899.831055,62.391998,1.914286,0.037430
141.260269,146.485718,6237.675293,59.746567,2.514286,0.025940
141.502426,150.957138,3799.986084,31.685814,2.042857,0.242157
141.638092,129.342850,6010.980469,62.063339,1.657143,0.135666
141.917084,153.771423,5289.693848,45.263184,2.228571,0.278992
141.951141,129.814285,6099.279785,62.751656,2.185714,0.034058
142.234192,127.114288,5983.192383,62.327667,1.885714,0.283051
142.294510,139.828568,2880.131104,26.803329,2.171429,0.060318
142.329849,123.842857,5804.662109,62.400726,2.157143,0.035339
142.401840,151.014282,6423.931641,59.121429,1.985714,0.071991
142.689636,145.899994,3244.023926,28.970833,2.100000,0.287796
142.755539,150.571426,3842.701172,34.713326,2.428571,0.065903
142.896118,128.085709,5937.675293,62.263329,1.914286,0.140579
142.932907,155.699997,5595.100098,49.504158,1.300000,0.036789
142.976883,151.371429,3572.810791,30.240005,1.628571,0.043976
143.012390,152.514282,3735.300293,32.912003,2.485714,0.035507
143.086166,150.642853,6302.027344,58.871674,2.357143,0.073776
143.093811,147.728577,5613.915039,51.330635,2.271429,0.007645
143.203186,148.557144,3312.457031,29.663330,2.442857,0.109375
143.252853,146.600006,6350.415039,60.448624,2.400000,0.049667
143.800964,149.057144,6453.238281,61.379669,1.942857,0.548111
144.124237,150.399994,6474.326660,60.210388,1.600000,0.323273
144.433289,146.171432,3863.902588,34.273338,1.828571,0.309052
144.510956,151.142853,6466.322754,60.130295,1.857143,0.077667
144.705368,157.142853,6387.150879,60.312500,1.857143,0.194412
144.710297,153.428574,6164.525391,56.237144,2.571429,0.004929
146.149490,149.157150,6355.522949,59.433212,1.842857,1.439194
146.215546,149.671432,5621.097168,49.609169,1.328571,0.066055
146.715179,136.571426,6049.550293,63.181541,2.428571,0.499634
146.732681,149.957138,6340.020020,60.790840,2.042857,0.017502
146.843765,142.242859,2963.336182,27.106667,1.757143,0.111084
146.913742,153.771423,6276.792969,59.076950,2.228571,0.069977
147.015076,145.371429,6130.511230,59.171898,2.628572,0.101334
147.026978,150.457138,5676.684570,50.233330,1.542857,0.011902
147.163177,128.128571,5882.581543,61.378578,1.871429,0.136200
147.556931,126.728569,5643.545898,59.235565,2.271429,0.393753
147.614029,148.371429,6445.114258,60.786415,1.628571,0.057098
147.919113,152.942856,5465.044434,48.197266,2.057143,0.305084
147.973053,148.114288,3571.794922,31.959328,1.885714,0.053940
148.002289,148.742859,6277.283691,59.898666,2.257143,0.029236
148.067245,155.914291,3499.976562,30.297729,2.085714,0.064957
148.156067,121.000000,5326.737305,60.486671,2.000000,0.088821
148.199448,145.814285,2902.397461,26.600838,3.185714,0.043381
148.615891,134.842850,6050.427734,61.097496,2.157143,0.416443
148.809814,133.771423,5860.432617,61.159996,2.228571,0.193924
148.902084,140.242859,2855.192627,26.292496,1.757143,0.092270
148.988434,137.414291,6149.633789,62.021431,2.585714,0.086349
149.088608,140.842850,2893.656982,26.194153,2.157143,0.100174
149.089752,151.128571,6428.081055,59.616669,1.871429,0.001144
149.275864,150.699997,6379.908203,59.702675,2.300000,0.186111
149.367020,123.157143,5655.513672,60.841301,1.842857,0.091156
149.737473,147.428574,6420.340820,61.188095,1.571429,0.370453
149.990891,108.128571,1591.212646,17.430244,1.871429,0.253418
150.103027,152.314285,6442.022461,59.070328,1.685714,0.112137
150.428986,149.214279,6241.368164,61.138336,2.785714,0.325958
150.462250,150.471436,3837.256836,34.186905,2.528571,0.033264
150.509354,134.885712,2756.651855,26.935661,2.114286,0.047104
150.974304,140.342850,2932.479736,27.579994,1.657143,0.464951
151.315887,138.885712,6096.034668,61.168976,2.114286,0.341583
151.360962,153.971436,3373.591553,28.621002,2.028571,0.045074
151.717865,153.042862,5578.218262,49.699165,1.957143,0.356903
151.970657,150.157150,6415.296875,61.193459,1.842857,0.252792
152.018295,151.371429,6486.436035,60.323807,1.628571,0.047638
152.025833,151.171432,5694.866699,51.097176,1.828571,0.007538
152.379898,148.371429,6166.772461,57.466667,2.628572,0.354065
152.592697,154.228577,5540.643555,48.585716,1.771429,0.212799
152.761063,138.957138,2875.368652,27.361816,2.042857,0.168365
152.763763,147.314285,6197.999512,59.165329,1.685714,0.002701
152.954895,135.542862,6066.936523,61.345383,2.457143,0.191132
153.008896,149.942856,6423.543945,60.900505,2.057143,0.054001
153.074768,169.557144,6048.136230,51.763626,2.442857,0.065872
153.154572,146.942856,3066.067627,27.322906,3.057143,0.079803
153.253922,153.814285,5452.067383,47.839241,2.185714,0.099350
153.310959,137.414291,6071.826172,61.313332,2.585714,0.057037
153.475708,151.257141,6185.000977,57.395332,2.742857,0.164749
153.898987,122.699997,5697.624512,61.722488,2.300000,0.423279
154.255936,150.171432,6416.203125,60.817581,1.828571,0.356949
154.327454,150.457138,6275.174316,59.874664,2.542857,0.071518
154.453354,147.899994,6252.337402,60.872696,2.100000,0.125900
154.511398,136.399994,6131.422363,61.594467,1.600000,0.058044
154.520264,128.500000,5957.525391,62.423706,2.500000,0.008865
154.561874,124.442856,5722.311035,62.013824,2.557143,0.041611
154.581268,119.671432,5637.319824,60.605820,2.328571,0.019394
155.063309,149.742859,6311.323242,60.047997,2.257143,0.482040
155.275589,152.585709,3178.431885,27.829491,2.414286,0.212280
155.772690,124.542854,2312.233643,23.736153,2.457143,0.497101
155.784927,153.771423,6527.903320,59.351425,1.228571,0.012238
155.857834,126.542854,5834.711426,62.406776,1.457143,0.072906
156.111710,149.500000,6343.454590,60.318336,2.500000,0.253876
156.141937,151.500000,3079.816162,27.599998,2.500000,0.030228
156.165771,152.071426,5680.895020,48.953568,1.928571,0.023834
156.207626,131.871429,6016.543945,62.421669,2.128572,0.041855
156.240616,152.657150,6474.931152,60.046860,1.342857,0.032990
156.791107,148.285721,3249.649658,28.706497,1.714286,0.550491
157.135437,150.128571,6465.737793,60.355827,1.871429,0.344330
157.240707,147.328568,6330.057617,60.006035,1.671429,0.105270
157.362198,130.300003,5871.594238,61.230637,2.700000,0.121490
157.566147,128.042862,6034.541992,61.995613,1.957143,0.203949
158.111771,153.214279,6451.027344,59.758331,1.785714,0.545624
158.307281,149.728577,6291.812988,59.301231,2.271429,0.195511
158.712585,120.971428,5774.355469,61.826668,2.028571,0.405304
158.799286,148.171432,3293.828125,28.346664,1.828571,0.086700
159.079224,153.428574,6383.908691,59.309525,1.571429,0.279938
159.371429,151.314285,5583.274902,50.983337,2.685714,0.292206
159.539398,149.928574,6323.665527,60.924377,2.071429,0.167969
159.573364,146.314285,6141.388672,58.912003,2.685714,0.033966
159.635147,147.457138,3733.808105,33.195663,2.542857,0.061783
159.821747,153.157150,6441.281250,58.815666,1.842857,0.186600
159.932144,150.942856,6464.308594,59.831673,2.057143,0.110397
160.001984,147.842850,6269.944336,60.607437,2.157143,0.069839
160.407333,109.857140,2045.020630,23.184418,2.142857,0.405350
160.448654,128.699997,5840.290527,61.280762,2.300000,0.041321
160.630081,145.800003,6317.089355,61.180244,2.200000,0.181427
160.778305,151.357147,6450.834473,59.543747,1.642857,0.148224
160.981522,137.800003,2928.472168,27.781670,2.200000,0.203217
161.026840,131.042862,5951.837891,61.767563,1.957143,0.045319
161.411926,156.642853,3697.157715,30.040009,1.357143,0.385086
161.626770,154.057144,3951.088867,34.729340,1.942857,0.214844
162.089615,155.171432,6460.082520,58.409515,1.828571,0.462845
162.136597,152.442856,6369.202637,60.027390,1.557143,0.046982
162.175034,120.042854,5729.593750,61.962280,1.957143,0.038437
162.234940,142.071426,6310.847168,61.675232,1.928571,0.059906
162.294006,150.428574,4494.278809,38.712509,2.571429,0.059067
162.455231,150.471436,6287.358887,60.021324,2.528571,0.161224
162.612198,152.714279,3912.792236,33.041672,2.285714,0.156967
162.762146,149.800003,6014.924316,55.881668,2.200000,0.149948
163.109909,131.000000,5857.030273,61.571434,2.000000,0.347763
163.520584,153.557144,6381.725098,59.167046,1.442857,0.410675
163.751266,152.771423,5604.549805,49.212624,2.228571,0.230682
163.871613,144.885712,3002.907959,27.471825,2.114286,0.120346
163.906647,152.485718,6509.229492,59.872856,1.514286,0.035034
163.940659,150.942856,5664.823730,50.887375,2.057143,0.034012
164.172775,147.842850,6365.050293,60.105492,2.157143,0.232117
164.597870,134.557144,6019.464355,61.670509,2.442857,0.425095
164.664536,139.357147,2520.711670,24.516663,2.642857,0.066666
164.712524,151.357147,6258.775879,58.731400,2.642857,0.047989
164.845230,130.228577,6016.516602,61.572006,1.771429,0.132706
164.982239,150.414291,6245.722168,58.021423,2.585714,0.137009
165.275269,143.100006,6272.053223,61.247070,1.900000,0.293030
166.481277,149.042862,3246.849609,28.734222,1.957143,1.206009
166.862625,155.114288,6385.035156,58.988190,1.885714,0.381348
166.900070,148.471436,6439.064453,61.030159,1.528571,0.037445
167.071365,147.785721,3045.474609,28.050713,2.214286,0.171295
167.120743,140.157150,6199.404785,61.642174,1.842857,0.049377
167.149399,149.357147,3579.922607,32.987495,2.642857,0.028656
167.212845,150.528564,6338.470703,60.053001,2.471429,0.063446
167.339966,149.357147,6242.228027,59.306152,2.642857,0.127121
167.406494,147.528564,3081.109863,27.268837,2.471429,0.066528
167.501236,143.114288,6191.976562,61.511383,1.885714,0.094742
167.638611,138.600006,2787.222168,26.905655,2.400000,0.137375
167.753189,148.942856,6461.723145,59.523666,1.057143,0.114578
167.778732,132.871429,6107.415039,61.573807,2.128572,0.025543
167.827866,137.828568,2885.862793,26.203339,2.171429,0.049133
168.261627,129.214279,5850.141602,61.712189,1.785714,0.433762
168.879974,141.042862,3010.463379,27.897919,1.957143,0.618347
169.056000,142.228577,2910.983887,26.436188,1.771429,0.176025
169.247772,146.000000,3013.616943,27.166672,2.000000,0.191772
169.311584,150.685715,5538.291016,49.542862,2.314286,0.063812
169.328079,147.085709,3056.871338,26.170189,1.914286,0.016495
169.442902,147.242859,3193.534668,27.742455,1.757143,0.114822
170.177612,121.585716,5810.797363,62.733002,2.414286,0.734711
170.223251,151.657150,5560.417969,49.895340,1.342857,0.045639
170.434311,146.428574,6358.967773,60.391670,1.571429,0.211060
170.440491,131.814285,5989.204590,62.373810,2.185714,0.006180
170.537399,151.428574,3240.044434,28.666664,1.571429,0.096909
170.612381,128.142853,5802.328125,61.880951,2.857143,0.074982
170.723618,131.014282,6034.758301,62.185776,1.985714,0.111237
170.976837,127.514282,5973.975098,62.653084,2.485714,0.253220
171.040405,149.971436,6347.914551,58.928673,2.028571,0.063568
171.041519,153.671432,6356.490723,58.843216,2.328571,0.001114
171.099548,121.099998,5606.609375,59.777397,1.900000,0.058029
171.239914,153.699997,6406.427734,60.290657,2.300000,0.140366
171.396301,151.628571,6325.963379,58.477669,1.371429,0.156387
171.462021,149.600006,3635.006348,31.620667,2.400000,0.065720
171.470856,137.100006,6128.625488,61.409164,1.900000,0.008835
171.928772,148.157150,5501.463379,49.315353,1.842857,0.457916
172.452789,145.942856,6189.258789,59.658562,2.057143,0.524017
172.558487,153.042862,3596.011963,30.603493,1.957143,0.105698
172.621704,144.485718,4013.234619,36.139671,2.514286,0.063217
172.744720,145.500000,6415.207520,61.239876,1.500000,0.123016
173.150284,144.000000,3108.920654,28.449989,2.000000,0.405563
173.249985,151.585709,6445.014160,61.320877,1.414286,0.099701
173.431488,149.671432,3434.202637,30.218155,2.328571,0.181503
173.448105,139.942856,6368.900879,61.239998,2.057143,0.016617
173.867767,152.271423,6327.289062,57.997612,1.728571,0.419662
174.347870,123.785713,5735.585938,62.313683,2.214286,0.480103
174.390076,131.057144,5862.005371,61.511154,1.942857,0.042206
174.472046,132.842850,6018.834473,62.374283,3.157143,0.081970
174.484711,131.771423,5989.976074,61.893333,2.228571,0.012665
174.664337,125.885712,5844.635254,62.284004,2.114286,0.179626
174.668167,147.771423,6329.435059,59.737144,2.228571,0.003830
175.036423,155.457138,6407.134766,60.338104,1.542857,0.368256
175.326202,144.699997,6229.464844,60.667664,2.300000,0.289780
175.403137,121.585716,5553.304688,62.277512,2.414286,0.076935
175.919373,124.857140,5810.505371,61.766670,2.142857,0.516235
176.126236,152.000000,6400.312012,60.257141,2.000000,0.206863
176.131714,143.214279,3055.311035,27.458328,1.785714,0.005478
176.355957,150.542862,3558.447510,30.741661,2.457143,0.224243
176.384476,154.357147,3797.219971,32.327858,2.642857,0.028519
176.761917,142.757141,2961.054443,27.630165,2.242857,0.377441
176.846359,150.185715,6125.080078,56.699173,1.814286,0.084442
176.869156,148.057144,6243.476074,59.331085,1.942857,0.022797
176.889404,130.899994,6026.837891,61.321350,2.100000,0.020248
176.964066,130.000000,5951.280762,61.733330,2.000000,0.074661
177.267975,158.142853,3842.984375,32.198334,1.857143,0.303909
177.704803,146.071426,5621.849609,50.395836,1.928571,0.436829
